{"cameraMode":{"drawMode":0,"name":"Shaded","section":"Shading Mode"},"sceneLighting":true,"audioPlay":false,"sceneViewState":{"m_AlwaysRefresh":false,"showFog":true,"showSkybox":true,"showFlares":true,"showImageEffects":true,"showParticleSystems":true,"showVisualEffectGraphs":true,"m_FxEnabled":true},"in2DMode":false,"pivot":{"x":860.4911499023438,"y":274.78070068359377,"z":12.490424156188965},"rotation":{"x":-0.09018188714981079,"y":-0.012851761654019356,"z":0.0011450507445260883,"w":-0.9958603978157044},"size":261.97674560546877,"orthographic":false}