{"cameraMode":{"drawMode":0,"name":"Shaded","section":"Shading Mode"},"sceneLighting":true,"audioPlay":false,"sceneViewState":{"m_AlwaysRefresh":false,"showFog":true,"showSkybox":true,"showFlares":true,"showImageEffects":true,"showParticleSystems":true,"showVisualEffectGraphs":true,"m_FxEnabled":true},"in2DMode":false,"pivot":{"x":13.548982620239258,"y":-142.06777954101563,"z":146.38902282714845},"rotation":{"x":0.38907262682914736,"y":0.05993686616420746,"z":-0.02537534199655056,"w":0.9189633131027222},"size":116.65473175048828,"orthographic":false}