{"cameraMode":{"drawMode":0,"name":"Shaded","section":"Shading Mode"},"sceneLighting":true,"audioPlay":false,"sceneViewState":{"m_AlwaysRefresh":false,"showFog":true,"showSkybox":true,"showFlares":true,"showImageEffects":true,"showParticleSystems":true,"showVisualEffectGraphs":true,"m_FxEnabled":true},"in2DMode":false,"pivot":{"x":201.57530212402345,"y":94.14160919189453,"z":72.54074096679688},"rotation":{"x":-0.16300927102565766,"y":-0.029005521908402444,"z":0.004788313060998917,"w":-0.9861957430839539},"size":172.56800842285157,"orthographic":false}