{"cameraMode":{"drawMode":0,"name":"Shaded","section":"Shading Mode"},"sceneLighting":true,"audioPlay":false,"sceneViewState":{"m_AlwaysRefresh":false,"showFog":true,"showSkybox":true,"showFlares":true,"showImageEffects":true,"showParticleSystems":true,"showVisualEffectGraphs":true,"m_FxEnabled":true},"in2DMode":false,"pivot":{"x":1003.9959716796875,"y":499.53948974609377,"z":2095.906982421875},"rotation":{"x":-0.006986064836382866,"y":0.9862486124038696,"z":-0.04323487728834152,"w":-0.15936177968978883},"size":404.8829650878906,"orthographic":false}