{"cameraMode":{"drawMode":0,"name":"Shaded","section":"Shading Mode"},"sceneLighting":true,"audioPlay":false,"sceneViewState":{"m_AlwaysRefresh":false,"showFog":true,"showSkybox":true,"showFlares":true,"showImageEffects":true,"showParticleSystems":true,"showVisualEffectGraphs":true,"m_FxEnabled":true},"in2DMode":false,"pivot":{"x":29.07082748413086,"y":56.68132781982422,"z":-135.33428955078126},"rotation":{"x":-0.038367439061403278,"y":-0.45313704013824465,"z":0.019504351541399957,"w":-0.8902182579040527},"size":11.411661148071289,"orthographic":false}